contract_no,contract_name,contract_amount,net_amount,contract_type,tax_rate,tax_amount,remark,source_month
TSNC-2026-SK-001,滨海宽带接入服务服务合同,770785.70,770785.70,服务,0.0010,770.79,收款合同,2026Q2
TSNC-2026-SK-002,静海宽带接入服务服务合同,149259.56,149259.56,服务,0.0010,149.26,收款合同,2026Q2
TSNC-2026-SK-003,滨海安防监控升级服务合同,792475.42,792475.42,服务,0.0005,396.24,收款合同,2026Q2
TSNC-2026-SK-004,武清呼叫中心服务服务合同,80517.33,80517.33,服务,0.0003,24.16,收款合同,2026Q2
TSNC-2026-SK-005,滨海宽带接入服务服务合同,762379.67,762379.67,服务,0.0010,762.38,收款合同,2026Q2
TSNC-2026-SK-006,空港安防监控升级服务合同,333482.70,333482.70,服务,0.0010,333.48,收款合同,2026Q2
TSNC-2026-SK-007,东疆智慧停车系统服务合同,710096.75,710096.75,服务,0.0010,710.10,收款合同,2026Q2
TSNC-2026-SK-008,空港光纤网络铺设服务合同,703803.26,703803.26,服务,0.0010,703.80,收款合同,2026Q2
TSNC-2026-SK-009,东疆机房巡检服务合同,302640.21,302640.21,服务,0.0003,90.79,收款合同,2026Q2
TSNC-2026-SK-010,东疆信息系统集成服务合同,495930.00,495930.00,服务,0.0010,495.93,收款合同,2026Q2
TSNC-2026-SK-011,空港呼叫中心服务服务合同,669750.86,669750.86,服务,0.0010,669.75,收款合同,2026Q2
TSNC-2026-SK-012,宝坻呼叫中心服务服务合同,304866.00,304866.00,服务,0.0005,152.43,收款合同,2026Q2
TSNC-2026-SK-013,自贸数据专线服务合同,492561.54,492561.54,服务,0.0010,492.56,收款合同,2026Q2
TSNC-2026-SK-014,临港光纤网络铺设服务合同,389556.21,389556.21,服务,0.0005,194.78,收款合同,2026Q2
TSNC-2026-SK-015,宁河数据专线服务合同,116143.83,116143.83,服务,0.0005,58.07,收款合同,2026Q2
TSNC-2026-SK-016,自贸光纤网络铺设服务合同,437699.86,437699.86,服务,0.0003,131.31,收款合同,2026Q2
TSNC-2026-SK-017,宁河视频监控运维服务合同,579164.68,579164.68,服务,0.0010,579.16,收款合同,2026Q2
TSNC-2026-SK-018,自贸呼叫中心服务服务合同,341819.17,341819.17,服务,0.0003,102.55,收款合同,2026Q2
TSNC-2026-SK-019,宁河智慧停车系统服务合同,607589.58,607589.58,服务,0.0010,607.59,收款合同,2026Q2
TSNC-2026-SK-020,临港信息系统集成服务合同,406706.75,406706.75,服务,0.0010,406.71,收款合同,2026Q2
TSNC-2026-SK-021,静海数据专线服务合同,643755.12,643755.12,服务,0.0010,643.76,收款合同,2026Q2
TSNC-2026-SK-022,东疆数据专线服务合同,145274.88,145274.88,服务,0.0010,145.27,收款合同,2026Q2
TSNC-2026-SK-023,空港宽带接入服务服务合同,718279.33,718279.33,服务,0.0010,718.28,收款合同,2026Q2
TSNC-2026-SK-024,武清机房巡检服务合同,51490.25,51490.25,服务,0.0005,25.75,收款合同,2026Q2
TSNC-2026-SK-025,空港宽带接入服务服务合同,70557.50,70557.50,服务,0.0010,70.56,收款合同,2026Q2
TSNC-2026-SK-026,宝坻园区网络运维服务合同,467653.76,467653.76,服务,0.0010,467.65,收款合同,2026Q2
TSNC-2026-SK-027,北辰信息系统集成服务合同,439670.08,439670.08,服务,0.0010,439.67,收款合同,2026Q2
TSNC-2026-SK-028,武清呼叫中心服务服务合同,62270.18,62270.18,服务,0.0010,62.27,收款合同,2026Q2
TSNC-2026-SK-029,宁河园区网络运维服务合同,784212.80,784212.80,服务,0.0003,235.26,收款合同,2026Q2
TSNC-2026-SK-030,自贸园区网络运维服务合同,457793.72,457793.72,服务,0.0010,457.79,收款合同,2026Q2
TSNC-2026-SK-031,宝坻机房巡检服务合同,58959.48,58959.48,服务,0.0010,58.96,收款合同,2026Q2
TSNC-2026-SK-032,武清呼叫中心服务服务合同,116144.35,116144.35,服务,0.0003,34.84,收款合同,2026Q2
TSNC-2026-SK-033,滨海光纤网络铺设服务合同,773628.38,773628.38,服务,0.0010,773.63,收款合同,2026Q2
TSNC-2026-SK-034,宁河数据专线服务合同,-9563040.00,-9563040.00,服务,0.0010,-9563.04,收款合同,2026Q2
TSNC-2026-SK-035,宝坻办公家具租赁合同,665309.02,665309.02,融资,0.0010,665.31,收款合同,2026Q2
TSNC-2026-SK-036,东疆办公家具租赁合同,1340634.46,1340634.46,承揽,0.0003,402.19,收款合同,2026Q2
TSNC-2026-SK-037,静海设备采购合同,1401667.32,1401667.32,租赁,0.0005,700.83,收款合同,2026Q2
TSNC-2026-SK-038,自贸承揽加工合同,1035035.70,1035035.70,融资,0.0005,517.52,收款合同,2026Q2
TSNC-2026-SK-039,静海软件购销合同,1598785.28,1598785.28,承揽,0.0010,1598.79,收款合同,2026Q2
TSNC-2026-SK-040,宁河设备采购合同,254045.56,254045.56,购销,0.0010,254.05,收款合同,2026Q2
TSNC-2026-SK-041,空港承揽加工合同,352366.48,352366.48,融资,0.0003,105.71,收款合同,2026Q2
TSNC-2026-SK-042,东疆电力增容工程合同,1025493.83,1025493.83,施工,0.0005,512.75,收款合同,2026Q2
TSNC-2026-SK-043,武清承揽加工合同,380667.08,380667.08,租赁,0.0010,380.67,收款合同,2026Q2
TSNC-2026-SK-044,空港短期借款合同,1420486.34,1420486.34,承揽,0.0010,1420.49,收款合同,2026Q2
TSNC-2026-SK-045,自贸融资租赁合同,1421983.89,1421983.89,承揽,0.0010,1421.98,收款合同,2026Q2
TSNC-2026-SK-046,静海融资租赁合同,816783.55,816783.55,融资,0.0010,816.78,收款合同,2026Q2
TSNC-2026-SK-047,宁河融资租赁合同,1397915.16,1397915.16,融资,0.0005,698.96,收款合同,2026Q2
TSNC-2026-SK-048,东疆短期借款合同,1439515.30,1439515.30,租赁,0.0003,431.85,收款合同,2026Q2
TSNC-2026-SK-049,自贸融资租赁合同,1842268.10,1842268.10,租赁,0.0010,1842.27,收款合同,2026Q2
TSNC-2026-SK-050,北辰软件购销合同,1727071.68,1727071.68,租赁,0.0010,1727.07,收款合同,2026Q2
TSNC-2026-SK-051,宁河管网改造工程合同,1549460.98,1549460.98,施工,0.0010,1549.46,收款合同,2026Q2
TSNC-2026-SK-052,东疆管网改造工程合同,143276.36,143276.36,施工,0.0010,143.28,收款合同,2026Q2
TSNC-2026-SK-053,宝坻管网改造工程合同,155113.61,155113.61,施工,0.0003,46.53,收款合同,2026Q2
TSNC-2026-SK-054,宁河办公家具租赁合同,595978.41,595978.41,融资,0.0010,595.98,收款合同,2026Q2
TSNC-2026-SK-055,临港融资租赁合同,1937295.71,1937295.71,借款,0.0010,1937.30,收款合同,2026Q2
TSNC-2026-SK-056,宁河软件购销合同,1999248.85,1999248.85,承揽,0.0005,999.62,收款合同,2026Q2
TSNC-2026-SK-057,武清软件购销合同,918724.65,918724.65,承揽,0.0010,918.72,收款合同,2026Q2
TSNC-2026-SK-058,静海设备采购合同,1432326.11,1432326.11,融资,0.0010,1432.33,收款合同,2026Q2
TSNC-2026-SK-059,自贸管网改造工程合同,498190.82,498190.82,施工,0.0005,249.10,收款合同,2026Q2
TSNC-2026-SK-060,宁河软件购销合同,1361072.47,1361072.47,借款,0.0010,1361.07,收款合同,2026Q2
TSNC-2026-SK-061,滨海短期借款合同,1616547.33,1616547.33,融资,0.0005,808.27,收款合同,2026Q2
TSNC-2026-SK-062,静海办公家具租赁合同,1124671.05,1124671.05,借款,0.0005,562.34,收款合同,2026Q2
TSNC-2026-SK-063,武清融资租赁合同,175787.30,175787.30,借款,0.0010,175.79,收款合同,2026Q2
TSNC-2026-SK-064,宁河软件购销合同,1440969.22,1440969.22,借款,0.0010,1440.97,收款合同,2026Q2
TSNC-2026-SK-065,北辰短期借款合同,1037340.14,1037340.14,租赁,0.0010,1037.34,收款合同,2026Q2
TSNC-2026-SK-066,北辰软件购销合同,987974.97,987974.97,购销,0.0005,493.99,收款合同,2026Q2
TSNC-2026-SK-067,东疆短期借款合同,280213.71,280213.71,承揽,0.0010,280.21,收款合同,2026Q2
TSNC-2026-SK-068,空港承揽加工合同,653340.59,653340.59,借款,0.0003,196.00,收款合同,2026Q2
TSNC-2026-SK-069,武清承揽加工合同,1010452.32,1010452.32,租赁,0.0003,303.14,收款合同,2026Q2
TSNC-2026-SK-070,宝坻短期借款合同,1781466.70,1781466.70,承揽,0.0010,1781.47,收款合同,2026Q2
TSNC-2026-SK-071,宁河承揽加工合同,1625156.88,1625156.88,承揽,0.0010,1625.16,收款合同,2026Q2
TSNC-2026-SK-072,宝坻软件购销合同,1252591.45,1252591.45,融资,0.0003,375.78,收款合同,2026Q2
TSNC-2026-SK-073,静海短期借款合同,1947327.70,1947327.70,借款,0.0010,1947.33,收款合同,2026Q2
TSNC-2026-SK-074,自贸道路翻新工程合同,1190605.75,1190605.75,施工,0.0010,1190.61,收款合同,2026Q2
TSNC-2026-SK-075,宁河软件购销合同,1881078.98,1881078.98,购销,0.0003,564.32,收款合同,2026Q2
TSNC-2026-SK-076,宁河机房建设工程合同,399975.94,399975.94,施工,0.0005,199.99,收款合同,2026Q2
TSNC-2026-SK-077,武清融资租赁合同,1503924.84,1503924.84,借款,0.0010,1503.92,收款合同,2026Q2
TSNC-2026-SK-078,宝坻短期借款合同,64685.78,64685.78,购销,0.0005,32.34,收款合同,2026Q2
TSNC-2026-SK-079,东疆办公家具租赁合同,946987.40,946987.40,购销,0.0005,473.49,收款合同,2026Q2
TSNC-2026-SK-080,北辰办公家具租赁合同,1220986.54,1220986.54,购销,0.0005,610.49,收款合同,2026Q2
TSNC-2026-SK-081,静海软件购销合同,1319049.03,1319049.03,借款,0.0010,1319.05,收款合同,2026Q2
TSNC-2026-SK-082,北辰融资租赁合同,1374130.05,1374130.05,购销,0.0003,412.24,收款合同,2026Q2
TSNC-2026-SK-083,临港短期借款合同,1292091.07,1292091.07,借款,0.0010,1292.09,收款合同,2026Q2
TSNC-2026-SK-084,宁河软件购销合同,1048815.77,1048815.77,融资,0.0010,1048.82,收款合同,2026Q2
TSNC-2026-SK-085,静海软件购销合同,1878378.68,1878378.68,融资,0.0010,1878.38,收款合同,2026Q2
TSNC-2026-SK-086,临港承揽加工合同,48230.22,48230.22,承揽,0.0005,24.12,收款合同,2026Q2
TSNC-2026-SK-087,宝坻承揽加工合同,1781575.68,1781575.68,购销,0.0005,890.79,收款合同,2026Q2
TSNC-2026-SK-088,静海管网改造工程合同,1618146.13,1618146.13,施工,0.0010,1618.15,收款合同,2026Q2
TSNC-2026-SK-089,临港融资租赁合同,687851.29,687851.29,融资,0.0010,687.85,收款合同,2026Q2
TSNC-2026-SK-090,东疆融资租赁合同,1777469.29,1777469.29,租赁,0.0005,888.73,收款合同,2026Q2
TSNC-2026-SK-091,东疆短期借款合同,1180656.02,1180656.02,租赁,0.0005,590.33,收款合同,2026Q2
TSNC-2026-SK-092,静海设备采购合同,1250717.75,1250717.75,承揽,0.0010,1250.72,收款合同,2026Q2
TSNC-2026-SK-093,武清道路翻新工程合同,1614100.66,1614100.66,施工,0.0010,1614.10,收款合同,2026Q2
TSNC-2026-SK-094,东疆管网改造工程合同,1442866.81,1442866.81,施工,0.0010,1442.87,收款合同,2026Q2
TSNC-2026-SK-095,静海短期借款合同,1342482.94,1342482.94,融资,0.0010,1342.48,收款合同,2026Q2
TSNC-2026-SK-096,北辰融资租赁合同,350699.65,350699.65,承揽,0.0010,350.70,收款合同,2026Q2
TSNC-2026-SK-097,滨海管网改造工程合同,1401810.53,1401810.53,施工,0.0005,700.91,收款合同,2026Q2
TSNC-2026-SK-098,滨海承揽加工合同,1373651.86,1373651.86,租赁,0.0010,1373.65,收款合同,2026Q2
TSNC-2026-SK-099,宁河设备采购合同,534780.52,534780.52,借款,0.0003,160.43,收款合同,2026Q2
TSNC-2026-SK-100,北辰短期借款合同,602865.36,602865.36,购销,0.0010,602.87,收款合同,2026Q2
