report_type,item,row_no,month_amount,ytd_amount,prev_ytd_amount,report_month
天津企业财务月报,货币资金,1,,61197.47,115124.88,202608
天津企业财务月报,交易性金融资产,2,,258176.81,180479.64,202608
天津企业财务月报,应收票据,3,34754.52,394701.01,164853.46,202608
天津企业财务月报,应收账款,4,,74263.10,214450.64,202608
天津企业财务月报,预付账款,5,,185542.27,,202608
天津企业财务月报,其他应收款,6,,295065.76,202792.67,202608
天津企业财务月报,存货,7,32723.57,379858.62,207967.24,202608
天津企业财务月报,一年内到期的非流动资产,8,,355924.15,101849.03,202608
天津企业财务月报,流动资产合计,9,,33019.68,206871.47,202608
天津企业财务月报,长期股权投资,10,,215731.24,18981.32,202608
天津企业财务月报,固定资产,11,,111881.42,166550.76,202608
天津企业财务月报,在建工程,12,,125438.42,,202608
天津企业财务月报,无形资产,13,,189743.57,246746.00,202608
天津企业财务月报,长期待摊费用,14,,277685.90,,202608
天津企业财务月报,递延所得税资产,15,7923.42,176910.19,,202608
天津企业财务月报,非流动资产合计,16,,89625.97,,202608
天津企业财务月报,资产总额,17,,289978,171978.61,202608
天津企业财务月报,短期借款,18,,192178.16,163788.58,202608
天津企业财务月报,应付票据,19,,165193.22,,202608
天津企业财务月报,应付账款,20,,36831.16,233150.26,202608
天津企业财务月报,预收账款,21,,149712.51,240142.62,202608
天津企业财务月报,应付职工薪酬,22,,45792.70,,202608
天津企业财务月报,应交税费,23,,7678.72,137109.57,202608
天津企业财务月报,应交增值税,24,,353755.55,,202608
天津企业财务月报,应交所得税,25,,32,104555.01,202608
天津企业财务月报,其他应付款,26,,30344.48,,202608
天津企业财务月报,一年内到期的非流动负债,27,,293726.63,,202608
天津企业财务月报,流动负债合计,28,37622.91,241241.40,132098.40,202608
天津企业财务月报,长期借款,29,28155.29,395264.46,,202608
天津企业财务月报,应付债券,30,,361665.27,28664.92,202608
天津企业财务月报,长期应付款,31,,313097.29,,202608
天津企业财务月报,非流动负债合计,32,14932.91,322413.77,,202608
天津企业财务月报,负债总额,33,,245061.07,,202608
天津企业财务月报,实收资本,34,,61623.87,,202608
天津企业财务月报,资本公积,35,13484.06,379350.89,238507.90,202608
天津企业财务月报,盈余公积,36,,129789.12,45706.00,202608
天津企业财务月报,未分配利润,37,,62681.44,,202608
天津企业财务月报,所有者权益合计,38,,335808.17,,202608
天津企业财务月报,营业总收入,39,,1564,,202608
天津企业财务月报,主营业务收入,40,,111162.32,,202608
天津企业财务月报,其他业务收入,41,28866.65,145091.39,,202608
天津企业财务月报,营业成本,42,,174403.13,49491.77,202608
天津企业财务月报,主营业务成本,43,31514.46,180684.21,202079.18,202608
天津企业财务月报,其他业务成本,44,,56031.40,299162.35,202608
天津企业财务月报,税金及附加,45,,166932.93,,202608
天津企业财务月报,销售费用,46,,9688.60,51018.65,202608
天津企业财务月报,管理费用,47,,223544.46,214105.86,202608
天津企业财务月报,财务费用,48,,294835.16,147418.98,202608
天津企业财务月报,资产减值损失,49,,327034.83,279082.05,202608
天津企业财务月报,信用减值损失,50,,263903.01,79871.08,202608
天津企业财务月报,投资收益,51,,135758.12,,202608
天津企业财务月报,营业利润,52,,331345.88,,202608
天津企业财务月报,营业外收入,53,,273936.64,244057.34,202608
天津企业财务月报,营业外支出,54,,9583.03,110161.64,202608
天津企业财务月报,利润总额,55,,297133.27,100229.51,202608
天津企业财务月报,所得税费用,56,,155288.16,204935.76,202608
天津企业财务月报,净利润,57,,148465.30,,202608
天津企业财务月报,基本每股收益,58,,26093.68,,202608
天津企业财务月报,经营活动现金流量净额,59,32829.20,284975.35,299242.65,202608
天津企业财务月报,投资活动现金流量净额,60,,333019.48,19400.40,202608
天津企业财务月报,筹资活动现金流量净额,61,,160110.25,299169.44,202608
天津企业财务月报,现金及现金等价物净增加额,62,27506.87,338851.59,,202608
天津企业财务月报,期初现金及现金等价物余额,63,,31161.12,106493.59,202608
天津企业财务月报,期末现金及现金等价物余额,64,,143196.69,38670.78,202608
天津企业财务月报,国有资产保值增值率,65,36430.93,389088.16,178733.99,202608
天津企业财务月报,资产负债率,66,,123906.98,,202608
天津企业财务月报,流动比率,67,,118983.15,,202608
天津企业财务月报,速动比率,68,,255594.08,279452.92,202608
天津企业财务月报,存货周转率,69,,178324.63,,202608
天津企业财务月报,应收账款周转率,70,35114.96,398425.29,191182.54,202608
天津企业财务月报,总资产周转率,71,,143987.07,,202608
天津企业财务月报,销售利润率,72,,89021.61,,202608
天津企业财务月报,成本费用利润率,73,,326519.82,70980.61,202608
天津企业财务月报,带息负债总额,74,,72244.04,166298.04,202608
天津企业财务月报,有息负债率,75,,388817.41,,202608
天津企业财务月报,带息负债占比,76,,398003.56,138414.44,202608
天津企业财务月报,利息保障倍数,77,,357369.63,,202608
天津企业财务月报,现金比率,78,,289839.79,246175.02,202608
